Applicability,Service,Reporting period,Indicator,Value
All,JetBrains Marketplace,2025-01-01/2025-12-31,Summary of the content moderation engaged in at the providers’ own initiative,"JetBrains engages in content moderation at its own initiative to ensure compliance with applicable laws and JetBrains Marketplace documentation, including the JetBrains Marketplace Content Moderation Policy. All moderation activities are carried out manually. Content that violates applicable laws and/or JetBrains Marketplace documentation is removed or not published. Users are informed about moderation decisions and may appeal such decisions through the established complaint-handling mechanism."
All,JetBrains Marketplace,2025-01-01/2025-12-31,Meaningful and comprehensible information regarding content moderation engaged in at the providers' own initiative,"Moderation is based on the JetBrains Marketplace Content Moderation Policy, which applies to both JetBrains Marketplace users and JetBrains employees involved in the moderation process. The policy defines unacceptable content, sets out enforcement measures, and describes procedures for repeated violations. All decisions are made by human moderators to ensure contextual and proportionate assessment. Where content is restricted or removed, affected users may seek clarification and request a review of the decision through the established complaint-handling mechanism"
All,JetBrains Marketplace,2025-01-01/2025-12-31,Qualitative description of the automated means,"During the reporting period, JetBrains s.r.o. did not use automated tools for content moderation, and all activities were carried out manually."
All,JetBrains Marketplace,2025-01-01/2025-12-31,Qualitative description of indicators of accuracy and possible rate of error of automated means,"During the reporting period, JetBrains s.r.o. did not use automated tools for content moderation, and all activities were carried out manually."
All,JetBrains Marketplace,2025-01-01/2025-12-31,Specification of the precise purposes to apply automated means,"During the reporting period, JetBrains s.r.o. did not use automated tools for content moderation, and all activities were carried out manually."
All,JetBrains Marketplace,2025-01-01/2025-12-31,Safeguards applied to the use of automated means,"During the reporting period, JetBrains s.r.o. did not use automated tools for content moderation, and all activities were carried out manually."
Only for VLOPs,,YYYY-MM-DD/YYYY-MM-DD,High-level description of the content moderation governance structure,Free text
Only for VLOPs,,YYYY-MM-DD/YYYY-MM-DD,Qualifications of the human resources dedicated to content moderation,Free text
Only for VLOPs,,YYYY-MM-DD/YYYY-MM-DD,Training given to human resources dedicated to content moderation,Free text
Only for VLOPs,,YYYY-MM-DD/YYYY-MM-DD,Support given to human resources dedicated to content moderation ,Free text
Only for VLOPs,,YYYY-MM-DD/YYYY-MM-DD,Methodology used to compute the number of human resources dedicated to content moderation  ,Free text