Applicability,Service,Reporting period,Category of illegal content,"Description of the sub-category ""Other""",Number of notices received ,Number of notices received from Trusted flaggers,Number of specific items of information included in the total number of notices,Number of specific items of information included in the total number of notices by Trusted Flaggers (Trusted Flagger notices),Median time to take action,Median time to take action (Trusted Flagger notices),Number of actions taken on the basis of the law,Number of actions taken on the basis of the law (Trusted Flagger notices),Number of actions taken on the basis of the terms and conditions of the service,Number of actions taken on the basis of the terms and conditions of the service (Trusted Flagger notices),Contextual information on Number of notices received ,Contextual information on Number of notices received from Trusted flaggers,Contextual information on Number of specific items of information included in the total number of notices,Contextual information on Number of specific items of information included in the total number of notices by Trusted Flaggers (Trusted Flagger notices),Contextual information on Median time to take action,Contextual information on Median time to take action (Trusted Flagger notices),Contextual information on Number of actions taken on the basis of the law,Contextual information on Number of actions taken on the basis of the law (Trusted Flagger notices),Contextual information on Number of actions taken on the basis of the terms and conditions of the service,Contextual information on Number of actions taken on the basis of the terms and conditions of the service (Trusted Flagger notices)
"Only for providers of hosting services, including online platforms",JetBrains Marketplace,2025-01-01/2025-12-31,TOTAL,,671,0,717,0,78,0,0,0,376,0,Categories are selected by the notifier. The selected category may not accurately reflect the content concerned.,,,,Median is calculated based on completed decisions at the end of the reporting period.,,,,"The JetBrains Marketplace Content Moderation Policy prohibits illegal content on JetBrains Marketplace as well as the use of JetBrains Marketplace for illegal purposes. As such, this figure may include actions taken against content that might also be incompatible with applicable laws. Some actions on reported notices may not be included in these figures because they were pending at the time that data was collected. Additionally, some notices reviewed may not have been related to the reporting of illegal content and therefore may not have been actionable.",
"Only for providers of hosting services, including online platforms",JetBrains Marketplace,2025-01-01/2025-12-31,STATEMENT_CATEGORY_ANIMAL_WELFARE,,0,0,0,0,0,0,0,0,0,0,,,,,,,,,,
"Only for providers of hosting services, including online platforms",JetBrains Marketplace,2025-01-01/2025-12-31,KEYWORD_ANIMAL_HARM,,0,0,0,0,0,0,0,0,0,0,,,,,,,,,,
"Only for providers of hosting services, including online platforms",JetBrains Marketplace,2025-01-01/2025-12-31,KEYWORD_UNLAWFUL_SALE_ANIMALS,,0,0,0,0,0,0,0,0,0,0,,,,,,,,,,
"Only for providers of hosting services, including online platforms",JetBrains Marketplace,2025-01-01/2025-12-31,KEYWORD_OTHER,"Text to detail the ""Other"" keyword.",0,0,0,0,0,0,0,0,0,0,,,,,,,,,,
"Only for providers of hosting services, including online platforms",JetBrains Marketplace,2025-01-01/2025-12-31,STATEMENT_CATEGORY_CONSUMER_INFORMATION,,13,0,13,0,"77,5",0,0,0,1,0,,,,,,,,,,
"Only for providers of hosting services, including online platforms",JetBrains Marketplace,2025-01-01/2025-12-31,KEYWORD_HIDDEN_ADVERTISEMENT,,0,0,0,0,0,0,0,0,0,0,,,,,,,,,,
"Only for providers of hosting services, including online platforms",JetBrains Marketplace,2025-01-01/2025-12-31,KEYWORD_INSUFFICIENT_INFORMATION_ON_TRADERS,,0,0,0,0,0,0,0,0,0,0,,,,,,,,,,
"Only for providers of hosting services, including online platforms",JetBrains Marketplace,2025-01-01/2025-12-31,KEYWORD_MISLEADING_INFO_GOODS_SERVICES,,13,0,13,0,"77,5",0,0,0,0,0,,,,,,,,,,
"Only for providers of hosting services, including online platforms",JetBrains Marketplace,2025-01-01/2025-12-31,KEYWORD_MISLEADING_INFO_CONSUMER_RIGHTS,,0,0,0,0,0,0,0,0,0,0,,,,,,,,,,
"Only for providers of hosting services, including online platforms",JetBrains Marketplace,2025-01-01/2025-12-31,KEYWORD_NONCOMPLIANCE_PRICING,,0,0,0,0,0,0,0,0,0,0,,,,,,,,,,
"Only for providers of hosting services, including online platforms",JetBrains Marketplace,2025-01-01/2025-12-31,KEYWORD_OTHER,"Text to detail the ""Other"" keyword.",0,0,0,0,0,0,0,0,0,0,,,,,,,,,,
"Only for providers of hosting services, including online platforms",JetBrains Marketplace,2025-01-01/2025-12-31,STATEMENT_CATEGORY_CYBER_VIOLENCE,,107,0,107,0,50,0,0,0,76,0,,,,,,,,,,
"Only for providers of hosting services, including online platforms",JetBrains Marketplace,2025-01-01/2025-12-31,KEYWORD_CYBER_BULLYING_INTIMIDATION,,0,0,0,0,0,0,0,0,0,0,,,,,,,,,,
"Only for providers of hosting services, including online platforms",JetBrains Marketplace,2025-01-01/2025-12-31,KEYWORD_CYBER_HARASSMENT,,107,0,107,0,50,0,0,0,76,0,,,,,,,,,,
"Only for providers of hosting services, including online platforms",JetBrains Marketplace,2025-01-01/2025-12-31,KEYWORD_CYBER_INCITEMENT,,0,0,0,0,0,0,0,0,0,0,,,,,,,,,,
"Only for providers of hosting services, including online platforms",JetBrains Marketplace,2025-01-01/2025-12-31,KEYWORD_CYBER_STALKING,,0,0,0,0,0,0,0,0,0,0,,,,,,,,,,
"Only for providers of hosting services, including online platforms",JetBrains Marketplace,2025-01-01/2025-12-31,KEYWORD_NON_CONSENSUAL_IMAGE_SHARING,,0,0,0,0,0,0,0,0,0,0,,,,,,,,,,
"Only for providers of hosting services, including online platforms",JetBrains Marketplace,2025-01-01/2025-12-31,KEYWORD_NON_CONSENSUAL_MATERIAL_DEEPFAKE,,0,0,0,0,0,0,0,0,0,0,,,,,,,,,,
"Only for providers of hosting services, including online platforms",JetBrains Marketplace,2025-01-01/2025-12-31,KEYWORD_OTHER,"Text to detail the ""Other"" keyword.",0,0,0,0,0,0,0,0,0,0,,,,,,,,,,
"Only for providers of hosting services, including online platforms",JetBrains Marketplace,2025-01-01/2025-12-31,STATEMENT_CATEGORY_CYBER_VIOLENCE_AGAINST_WOMEN,,0,0,0,0,0,0,0,0,0,0,,,,,,,,,,
"Only for providers of hosting services, including online platforms",JetBrains Marketplace,2025-01-01/2025-12-31,KEYWORD_BULLYING_AGAINST_GIRLS,,0,0,0,0,0,0,0,0,0,0,,,,,,,,,,
"Only for providers of hosting services, including online platforms",JetBrains Marketplace,2025-01-01/2025-12-31,KEYWORD_CYBER_HARASSMENT_AGAINST_WOMEN,,0,0,0,0,0,0,0,0,0,0,,,,,,,,,,
"Only for providers of hosting services, including online platforms",JetBrains Marketplace,2025-01-01/2025-12-31,KEYWORD_CYBER_STALKING_AGAINST_WOMEN,,0,0,0,0,0,0,0,0,0,0,,,,,,,,,,
"Only for providers of hosting services, including online platforms",JetBrains Marketplace,2025-01-01/2025-12-31,KEYWORD_FEMALE_GENDERED_DISINFORMATION,,0,0,0,0,0,0,0,0,0,0,,,,,,,,,,
"Only for providers of hosting services, including online platforms",JetBrains Marketplace,2025-01-01/2025-12-31,KEYWORD_INCITEMENT_AGAINST_WOMEN,,0,0,0,0,0,0,0,0,0,0,,,,,,,,,,
"Only for providers of hosting services, including online platforms",JetBrains Marketplace,2025-01-01/2025-12-31,KEYWORD_NON_CONSENSUAL_IMAGE_SHARING_AGAINST_WOMEN,,0,0,0,0,0,0,0,0,0,0,,,,,,,,,,
"Only for providers of hosting services, including online platforms",JetBrains Marketplace,2025-01-01/2025-12-31,KEYWORD_NON_CONSENSUAL_MATERIAL_DEEPFAKE_AGAINST_WOMEN,,0,0,0,0,0,0,0,0,0,0,,,,,,,,,,
"Only for providers of hosting services, including online platforms",JetBrains Marketplace,2025-01-01/2025-12-31,KEYWORD_OTHER,"Text to detail the ""Other"" keyword.",0,0,0,0,0,0,0,0,0,0,,,,,,,,,,
"Only for providers of hosting services, including online platforms",JetBrains Marketplace,2025-01-01/2025-12-31,STATEMENT_CATEGORY_DATA_PROTECTION_AND_PRIVACY_VIOLATIONS,,12,0,12,0,481,0,0,0,4,0,,,,,,,,,,
"Only for providers of hosting services, including online platforms",JetBrains Marketplace,2025-01-01/2025-12-31,KEYWORD_BIOMETRIC_DATA_BREACH,,0,0,0,0,0,0,0,0,0,0,,,,,,,,,,
"Only for providers of hosting services, including online platforms",JetBrains Marketplace,2025-01-01/2025-12-31,KEYWORD_DATA_FALSIFICATION,,0,0,0,0,0,0,0,0,0,0,,,,,,,,,,
"Only for providers of hosting services, including online platforms",JetBrains Marketplace,2025-01-01/2025-12-31,KEYWORD_MISSING_PROCESSING_GROUND,,12,0,12,0,481,0,0,0,4,0,,,,,,,,,,
"Only for providers of hosting services, including online platforms",JetBrains Marketplace,2025-01-01/2025-12-31,KEYWORD_RIGHT_TO_BE_FORGOTTEN,,0,0,0,0,0,0,0,0,0,0,,,,,,,,,,
"Only for providers of hosting services, including online platforms",JetBrains Marketplace,2025-01-01/2025-12-31,KEYWORD_OTHER,"Text to detail the ""Other"" keyword.",0,0,0,0,0,0,0,0,0,0,,,,,,,,,,
"Only for providers of hosting services, including online platforms",JetBrains Marketplace,2025-01-01/2025-12-31,STATEMENT_CATEGORY_ILLEGAL_OR_HARMFUL_SPEECH,,76,0,76,0,112,0,0,0,49,0,,,,,,,,,,
"Only for providers of hosting services, including online platforms",JetBrains Marketplace,2025-01-01/2025-12-31,KEYWORD_DEFAMATION,,0,0,0,0,0,0,0,0,0,0,,,,,,,,,,
"Only for providers of hosting services, including online platforms",JetBrains Marketplace,2025-01-01/2025-12-31,KEYWORD_DISCRIMINATION,,0,0,0,0,0,0,0,0,0,0,,,,,,,,,,
"Only for providers of hosting services, including online platforms",JetBrains Marketplace,2025-01-01/2025-12-31,KEYWORD_HATE_SPEECH,,76,0,76,0,112,0,0,0,49,0,,,,,,,,,,
"Only for providers of hosting services, including online platforms",JetBrains Marketplace,2025-01-01/2025-12-31,KEYWORD_OTHER,"Text to detail the ""Other"" keyword.",0,0,0,0,0,0,0,0,0,0,,,,,,,,,,
"Only for providers of hosting services, including online platforms",JetBrains Marketplace,2025-01-01/2025-12-31,STATEMENT_CATEGORY_INTELLECTUAL_PROPERTY_INFRINGEMENTS,,24,0,24,0,981,0,0,0,14,0,,,,,,,,,,
"Only for providers of hosting services, including online platforms",JetBrains Marketplace,2025-01-01/2025-12-31,KEYWORD_COPYRIGHT_INFRINGEMENT,,13,0,13,0,0,0,0,0,3,0,,,,,,,,,,
"Only for providers of hosting services, including online platforms",JetBrains Marketplace,2025-01-01/2025-12-31,KEYWORD_DESIGN_INFRINGEMENT,,0,0,0,0,0,0,0,0,0,0,,,,,,,,,,
"Only for providers of hosting services, including online platforms",JetBrains Marketplace,2025-01-01/2025-12-31,KEYWORD_GEOGRAPHIC_INDICATIONS_INFRINGEMENT,,0,0,0,0,0,0,0,0,0,0,,,,,,,,,,
"Only for providers of hosting services, including online platforms",JetBrains Marketplace,2025-01-01/2025-12-31,KEYWORD_PATENT_INFRINGEMENT,,0,0,0,0,0,0,0,0,0,0,,,,,,,,,,
"Only for providers of hosting services, including online platforms",JetBrains Marketplace,2025-01-01/2025-12-31,KEYWORD_TRADE_SECRET_INFRINGEMENT,,0,0,0,0,0,0,0,0,0,0,,,,,,,,,,
"Only for providers of hosting services, including online platforms",JetBrains Marketplace,2025-01-01/2025-12-31,KEYWORD_TRADEMARK_INFRINGEMENT,,11,0,11,0,0,0,0,0,11,0,,,,,,,,,,
"Only for providers of hosting services, including online platforms",JetBrains Marketplace,2025-01-01/2025-12-31,KEYWORD_OTHER,"Text to detail the ""Other"" keyword.",0,0,0,0,0,0,0,0,0,0,,,,,,,,,,
"Only for providers of hosting services, including online platforms",JetBrains Marketplace,2025-01-01/2025-12-31,STATEMENT_CATEGORY_NEGATIVE_EFFECTS_ON_CIVIC_DISCOURSE_OR_ELECTIONS,,0,0,0,0,0,0,0,0,0,0,,,,,,,,,,
"Only for providers of hosting services, including online platforms",JetBrains Marketplace,2025-01-01/2025-12-31,KEYWORD_MISINFORMATION_DISINFORMATION,,0,0,0,0,0,0,0,0,0,0,,,,,,,,,,
"Only for providers of hosting services, including online platforms",JetBrains Marketplace,2025-01-01/2025-12-31,KEYWORD_VIOLATION_EU_LAW,,0,0,0,0,0,0,0,0,0,0,,,,,,,,,,
"Only for providers of hosting services, including online platforms",JetBrains Marketplace,2025-01-01/2025-12-31,KEYWORD_VIOLATION_NATIONAL_LAW,,0,0,0,0,0,0,0,0,0,0,,,,,,,,,,
"Only for providers of hosting services, including online platforms",JetBrains Marketplace,2025-01-01/2025-12-31,KEYWORD_OTHER,"Text to detail the ""Other"" keyword.",0,0,0,0,0,0,0,0,0,0,,,,,,,,,,
"Only for providers of hosting services, including online platforms",JetBrains Marketplace,2025-01-01/2025-12-31,STATEMENT_CATEGORY_PROTECTION_OF_MINORS,,0,0,0,0,0,0,0,0,0,0,,,,,,,,,,
"Only for providers of hosting services, including online platforms",JetBrains Marketplace,2025-01-01/2025-12-31,KEYWORD_AGE_SPECIFIC_RESTRICTIONS_MINORS,,0,0,0,0,0,0,0,0,0,0,,,,,,,,,,
"Only for providers of hosting services, including online platforms",JetBrains Marketplace,2025-01-01/2025-12-31,KEYWORD_CHILD_SEXUAL_ABUSE_MATERIAL,,0,0,0,0,0,0,0,0,0,0,,,,,,,,,,
"Only for providers of hosting services, including online platforms",JetBrains Marketplace,2025-01-01/2025-12-31,KEYWORD_CHILD_SEXUAL_ABUSE_MATERIAL_DEEPFAKE,,0,0,0,0,0,0,0,0,0,0,,,,,,,,,,
"Only for providers of hosting services, including online platforms",JetBrains Marketplace,2025-01-01/2025-12-31,KEYWORD_GROOMING_SEXUAL_ENTICEMENT_MINORS,,0,0,0,0,0,0,0,0,0,0,,,,,,,,,,
"Only for providers of hosting services, including online platforms",JetBrains Marketplace,2025-01-01/2025-12-31,KEYWORD_UNSAFE_CHALLENGES,,0,0,0,0,0,0,0,0,0,0,,,,,,,,,,
"Only for providers of hosting services, including online platforms",JetBrains Marketplace,2025-01-01/2025-12-31,KEYWORD_OTHER,"Text to detail the ""Other"" keyword.",0,0,0,0,0,0,0,0,0,0,,,,,,,,,,
"Only for providers of hosting services, including online platforms",JetBrains Marketplace,2025-01-01/2025-12-31,STATEMENT_CATEGORY_RISK_FOR_PUBLIC_SECURITY,,0,0,0,0,0,0,0,0,0,0,,,,,,,,,,
"Only for providers of hosting services, including online platforms",JetBrains Marketplace,2025-01-01/2025-12-31,KEYWORD_ILLEGAL_ORGANIZATIONS,,0,0,0,0,0,0,0,0,0,0,,,,,,,,,,
"Only for providers of hosting services, including online platforms",JetBrains Marketplace,2025-01-01/2025-12-31,KEYWORD_RISK_ENVIRONMENTAL_DAMAGE,,0,0,0,0,0,0,0,0,0,0,,,,,,,,,,
"Only for providers of hosting services, including online platforms",JetBrains Marketplace,2025-01-01/2025-12-31,KEYWORD_RISK_PUBLIC_HEALTH,,0,0,0,0,0,0,0,0,0,0,,,,,,,,,,
"Only for providers of hosting services, including online platforms",JetBrains Marketplace,2025-01-01/2025-12-31,KEYWORD_TERRORIST_CONTENT,,0,0,0,0,0,0,0,0,0,0,,,,,,,,,,
"Only for providers of hosting services, including online platforms",JetBrains Marketplace,2025-01-01/2025-12-31,KEYWORD_OTHER,"Text to detail the ""Other"" keyword.",0,0,0,0,0,0,0,0,0,0,,,,,,,,,,
"Only for providers of hosting services, including online platforms",JetBrains Marketplace,2025-01-01/2025-12-31,STATEMENT_CATEGORY_SCAMS_AND_FRAUD,,113,0,159,0,155,0,0,0,80,0,,,,,,,,,,
"Only for providers of hosting services, including online platforms",JetBrains Marketplace,2025-01-01/2025-12-31,KEYWORD_IMPERSONATION_ACCOUNT_HIJACKING,,0,0,0,0,0,0,0,0,0,0,,,,,,,,,,
"Only for providers of hosting services, including online platforms",JetBrains Marketplace,2025-01-01/2025-12-31,KEYWORD_INAUTHENTIC_ACCOUNTS,,1,0,47,0,0,0,0,0,47,0,,,,,,,,,,
"Only for providers of hosting services, including online platforms",JetBrains Marketplace,2025-01-01/2025-12-31,KEYWORD_INAUTHENTIC_LISTINGS,,0,0,0,0,0,0,0,0,0,0,,,,,,,,,,
"Only for providers of hosting services, including online platforms",JetBrains Marketplace,2025-01-01/2025-12-31,KEYWORD_INAUTHENTIC_USER_REVIEWS,,112,0,112,0,0,0,0,0,33,0,,,,,,,,,,
"Only for providers of hosting services, including online platforms",JetBrains Marketplace,2025-01-01/2025-12-31,KEYWORD_PHISHING,,0,0,0,0,0,0,0,0,0,0,,,,,,,,,,
"Only for providers of hosting services, including online platforms",JetBrains Marketplace,2025-01-01/2025-12-31,KEYWORD_PYRAMID_SCHEMES,,0,0,0,0,0,0,0,0,0,0,,,,,,,,,,
"Only for providers of hosting services, including online platforms",JetBrains Marketplace,2025-01-01/2025-12-31,KEYWORD_OTHER,"Text to detail the ""Other"" keyword.",0,0,0,0,0,0,0,0,0,0,,,,,,,,,,
"Only for providers of hosting services, including online platforms",JetBrains Marketplace,2025-01-01/2025-12-31,STATEMENT_CATEGORY_SELF_HARM,,0,0,0,0,0,0,0,0,0,0,,,,,,,,,,
"Only for providers of hosting services, including online platforms",JetBrains Marketplace,2025-01-01/2025-12-31,KEYWORD_CONTENT_PROMOTING_EATING_DISORDERS,,0,0,0,0,0,0,0,0,0,0,,,,,,,,,,
"Only for providers of hosting services, including online platforms",JetBrains Marketplace,2025-01-01/2025-12-31,KEYWORD_SELF_MUTILATION,,0,0,0,0,0,0,0,0,0,0,,,,,,,,,,
"Only for providers of hosting services, including online platforms",JetBrains Marketplace,2025-01-01/2025-12-31,KEYWORD_SUICIDE,,0,0,0,0,0,0,0,0,0,0,,,,,,,,,,
"Only for providers of hosting services, including online platforms",JetBrains Marketplace,2025-01-01/2025-12-31,KEYWORD_OTHER,"Text to detail the ""Other"" keyword.",0,0,0,0,0,0,0,0,0,0,,,,,,,,,,
"Only for providers of hosting services, including online platforms",JetBrains Marketplace,2025-01-01/2025-12-31,STATEMENT_CATEGORY_UNSAFE_AND_PROHIBITED_PRODUCTS,,0,0,0,0,,,,,,,,,,,,,,,,
"Only for providers of hosting services, including online platforms",JetBrains Marketplace,2025-01-01/2025-12-31,KEYWORD_PROHIBITED_PRODUCTS,,0,0,0,0,0,0,0,0,0,0,,,,,,,,,,
"Only for providers of hosting services, including online platforms",JetBrains Marketplace,2025-01-01/2025-12-31,KEYWORD_UNSAFE_PRODUCTS,,0,0,0,0,0,0,0,0,0,0,,,,,,,,,,
"Only for providers of hosting services, including online platforms",JetBrains Marketplace,2025-01-01/2025-12-31,KEYWORD_OTHER,"Text to detail the ""Other"" keyword.",0,0,0,0,0,0,0,0,0,0,,,,,,,,,,
"Only for providers of hosting services, including online platforms",JetBrains Marketplace,2025-01-01/2025-12-31,STATEMENT_CATEGORY_VIOLENCE,,0,0,0,0,,,,,,,,,,,,,,,,
"Only for providers of hosting services, including online platforms",JetBrains Marketplace,2025-01-01/2025-12-31,KEYWORD_COORDINATED_HARM,,0,0,0,0,0,0,0,0,0,0,,,,,,,,,,
"Only for providers of hosting services, including online platforms",JetBrains Marketplace,2025-01-01/2025-12-31,KEYWORD_INCITEMENT_VIOLENCE_HATRED,,0,0,0,0,0,0,0,0,0,0,,,,,,,,,,
"Only for providers of hosting services, including online platforms",JetBrains Marketplace,2025-01-01/2025-12-31,KEYWORD_HUMAN_EXPLOITATION,,0,0,0,0,0,0,0,0,0,0,,,,,,,,,,
"Only for providers of hosting services, including online platforms",JetBrains Marketplace,2025-01-01/2025-12-31,KEYWORD_HUMAN_TRAFFICKING,,0,0,0,0,0,0,0,0,0,0,,,,,,,,,,
"Only for providers of hosting services, including online platforms",JetBrains Marketplace,2025-01-01/2025-12-31,KEYWORD_TRAFFICKING_WOMEN_GIRLS,,0,0,0,0,0,0,0,0,0,0,,,,,,,,,,
"Only for providers of hosting services, including online platforms",JetBrains Marketplace,2025-01-01/2025-12-31,KEYWORD_OTHER,"Text to detail the ""Other"" keyword.",0,0,0,0,0,0,0,0,0,0,,,,,,,,,,
"Only for providers of hosting services, including online platforms",JetBrains Marketplace,2025-01-01/2025-12-31,STATEMENT_CATEGORY_NOT_SPECIFIED_NOTICE,,326,0,326,0,77,,,,152,,This category includes reports classified under Category: Scope of Platform”such as Irrelevant Content and Technical Issues.,,,,,,,,,