Applicability,Service,Reporting period,Section,Indicator,Scope,Value,Contextual Information
All,JetBrains Marketplace,2025-01-01/2025-12-31,Internal complaints mechanism,Number of complaints submitted to the internal-complaints mechanism,Total number,14,
Only for providers of online platforms,JetBrains Marketplace,2025-01-01/2025-12-31,Internal complaints mechanism,Number of complaints submitted to the internal-complaints mechanism,Decisions upheld,7,
Only for providers of online platforms,JetBrains Marketplace,2025-01-01/2025-12-31,Internal complaints mechanism,Number of complaints submitted to the internal-complaints mechanism,Decisions partially reversed,0,
Only for providers of online platforms,JetBrains Marketplace,2025-01-01/2025-12-31,Internal complaints mechanism,Number of complaints submitted to the internal-complaints mechanism,Decisions reversed,7,
Only for providers of online platforms,JetBrains Marketplace,2025-01-01/2025-12-31,Internal complaints mechanism,Number of complaints submitted to the internal-complaints mechanism,Median time,219,Median is calculated based on completed decisions at the end of the reporting period.
Only for providers of online platforms,JetBrains Marketplace,2025-01-01/2025-12-31,Internal complaints mechanism,Number of complaints submitted to the internal-complaints mechanism,Decision omitted,0,
Only for providers of online platforms,JetBrains Marketplace,2025-01-01/2025-12-31,Internal complaints mechanism,Number of restrictions newly imposed as a result of an internal complaint,Total number,0,
Only for providers of online platforms,JetBrains Marketplace,2025-01-01/2025-12-31,Internal complaints mechanism,Complaint regarding a decision to remove or disable access to or restrict visibility of information,Total number,13,
Only for providers of online platforms,JetBrains Marketplace,2025-01-01/2025-12-31,Internal complaints mechanism,Complaint regarding a decision to remove or disable access to or restrict visibility of information,Decisions upheld,6,
Only for providers of online platforms,JetBrains Marketplace,2025-01-01/2025-12-31,Internal complaints mechanism,Complaint regarding a decision to remove or disable access to or restrict visibility of information,Decisions partially reversed,0,
Only for providers of online platforms,JetBrains Marketplace,2025-01-01/2025-12-31,Internal complaints mechanism,Complaint regarding a decision to remove or disable access to or restrict visibility of information,Decisions reversed,7,
Only for providers of online platforms,JetBrains Marketplace,2025-01-01/2025-12-31,Internal complaints mechanism,Complaint regarding a decision to remove or disable access to or restrict visibility of information,Median time,193,
Only for providers of online platforms,JetBrains Marketplace,2025-01-01/2025-12-31,Internal complaints mechanism,Complaint regarding a decision to suspend or terminate the provision of the service,Total number,0,
Only for providers of online platforms,JetBrains Marketplace,2025-01-01/2025-12-31,Internal complaints mechanism,Complaint regarding a decision to suspend or terminate the provision of the service,Decisions upheld,0,
Only for providers of online platforms,JetBrains Marketplace,2025-01-01/2025-12-31,Internal complaints mechanism,Complaint regarding a decision to suspend or terminate the provision of the service,Decisions partially reversed,0,
Only for providers of online platforms,JetBrains Marketplace,2025-01-01/2025-12-31,Internal complaints mechanism,Complaint regarding a decision to suspend or terminate the provision of the service,Decisions reversed,0,
Only for providers of online platforms,JetBrains Marketplace,2025-01-01/2025-12-31,Internal complaints mechanism,Complaint regarding a decision to suspend or terminate the provision of the service,Median time,0,
Only for providers of online platforms,JetBrains Marketplace,2025-01-01/2025-12-31,Internal complaints mechanism,Complaint regarding a decision to suspend or terminate an account ,Total number,0,
Only for providers of online platforms,JetBrains Marketplace,2025-01-01/2025-12-31,Internal complaints mechanism,Complaint regarding a decision to suspend or terminate an account ,Decisions upheld,0,
Only for providers of online platforms,JetBrains Marketplace,2025-01-01/2025-12-31,Internal complaints mechanism,Complaint regarding a decision to suspend or terminate an account ,Decisions partially reversed,0,
Only for providers of online platforms,JetBrains Marketplace,2025-01-01/2025-12-31,Internal complaints mechanism,Complaint regarding a decision to suspend or terminate an account ,Decisions reversed,0,
Only for providers of online platforms,JetBrains Marketplace,2025-01-01/2025-12-31,Internal complaints mechanism,Complaint regarding a decision to suspend or terminate an account ,Median time,0,
Only for providers of online platforms,JetBrains Marketplace,2025-01-01/2025-12-31,Internal complaints mechanism,Complaint regarding a decision to restrict the ability to monetise information,Total number,,
Only for providers of online platforms,JetBrains Marketplace,2025-01-01/2025-12-31,Internal complaints mechanism,Complaint regarding a decision to restrict the ability to monetise information,Decisions upheld,,
Only for providers of online platforms,JetBrains Marketplace,2025-01-01/2025-12-31,Internal complaints mechanism,Complaint regarding a decision to restrict the ability to monetise information,Decisions partially reversed,,
Only for providers of online platforms,JetBrains Marketplace,2025-01-01/2025-12-31,Internal complaints mechanism,Complaint regarding a decision to restrict the ability to monetise information,Decisions reversed,,
Only for providers of online platforms,JetBrains Marketplace,2025-01-01/2025-12-31,Internal complaints mechanism,Complaint regarding a decision to restrict the ability to monetise information,Median time,,
Only for providers of online platforms,JetBrains Marketplace,2025-01-01/2025-12-31,Internal complaints mechanism,Complaint regarding a decision not to take action on a notice submitted in accordance with Article 16,Total number,1,
Only for providers of online platforms,JetBrains Marketplace,2025-01-01/2025-12-31,Internal complaints mechanism,Complaint regarding a decision not to take action on a notice submitted in accordance with Article 16,Decisions upheld,1,
Only for providers of online platforms,JetBrains Marketplace,2025-01-01/2025-12-31,Internal complaints mechanism,Complaint regarding a decision not to take action on a notice submitted in accordance with Article 16,Decisions partially reversed,0,
Only for providers of online platforms,JetBrains Marketplace,2025-01-01/2025-12-31,Internal complaints mechanism,Complaint regarding a decision not to take action on a notice submitted in accordance with Article 16,Decisions reversed,0,
Only for providers of online platforms,JetBrains Marketplace,2025-01-01/2025-12-31,Internal complaints mechanism,Complaint regarding a decision not to take action on a notice submitted in accordance with Article 16,Median time,1850,
Only for providers of online platforms,JetBrains Marketplace,2025-01-01/2025-12-31,Internal complaints mechanism,Complaint regarding a decision not to take action on a notice submitted by a Trusted Flagger in accordance with Article 16,Total number,0,
Only for providers of online platforms,JetBrains Marketplace,2025-01-01/2025-12-31,Internal complaints mechanism,Complaint regarding a decision not to take action on a notice submitted by a Trusted Flagger in accordance with Article 16,Decisions upheld,0,
Only for providers of online platforms,JetBrains Marketplace,2025-01-01/2025-12-31,Internal complaints mechanism,Complaint regarding a decision not to take action on a notice submitted by a Trusted Flagger in accordance with Article 16,Decisions partially reversed,0,
Only for providers of online platforms,JetBrains Marketplace,2025-01-01/2025-12-31,Internal complaints mechanism,Complaint regarding a decision not to take action on a notice submitted by a Trusted Flagger in accordance with Article 16,Decisions reversed,0,
Only for providers of online platforms,JetBrains Marketplace,2025-01-01/2025-12-31,Internal complaints mechanism,Complaint regarding a decision not to take action on a notice submitted by a Trusted Flagger in accordance with Article 16,Median time,0,
Only for providers of online platforms,JetBrains Marketplace,2025-01-01/2025-12-31,Out-of-court dispute settlement bodies,Number of disputes submitted to out-of-court dispute settlement bodies,Total number,0,
Only for providers of online platforms,JetBrains Marketplace,2025-01-01/2025-12-31,Out-of-court dispute settlement bodies,Number of disputes submitted to out-of-court dispute settlement bodies,Decisions upheld,0,
Only for providers of online platforms,JetBrains Marketplace,2025-01-01/2025-12-31,Out-of-court dispute settlement bodies,Number of disputes submitted to out-of-court dispute settlement bodies,Decisions partially reversed,0,
Only for providers of online platforms,JetBrains Marketplace,2025-01-01/2025-12-31,Out-of-court dispute settlement bodies,Number of disputes submitted to out-of-court dispute settlement bodies,Decisions reversed,0,
Only for providers of online platforms,JetBrains Marketplace,2025-01-01/2025-12-31,Out-of-court dispute settlement bodies,Number of disputes submitted to out-of-court dispute settlement bodies,Median time,0,
Only for providers of online platforms,JetBrains Marketplace,2025-01-01/2025-12-31,Out-of-court dispute settlement bodies,Number of disputes submitted to out-of-court dispute settlement bodies,Decision omitted,0,
Only for providers of online platforms,JetBrains Marketplace,2025-01-01/2025-12-31,Out-of-court dispute settlement bodies,Number of disputes submitted to out-of-court dispute settlement bodies,Percentage of outcomes implemented,0,
Only for providers of online platforms,JetBrains Marketplace,2025-01-01/2025-12-31,Suspensions imposed on repeated offenders,Number of suspensions enacted for the provision of manifestly illegal content ,Total number,0,
Only for providers of online platforms,JetBrains Marketplace,2025-01-01/2025-12-31,Suspensions imposed on repeated offenders,Number of suspensions enacted for the provision of manifestly unfounded notices,Total number,0,
Only for providers of online platforms,JetBrains Marketplace,2025-01-01/2025-12-31,Suspensions imposed on repeated offenders,Number of suspensions enacted for the provision of manifestly unfounded complaints,Total number,0,