Applicability,Service,Reporting period,Section,Indicator,Scope,Value,Contextual Information
All,JetBrains Marketplace,2025-01-01/2025-12-31,Use of automated means for content moderation,Number of measures solely taken by automated means ,Total number,,"During the reporting period, JetBrains s.r.o. did not use automated tools for content moderation, and all activities were carried out manually."
All,JetBrains Marketplace,2025-01-01/2025-12-31,Use of automated means for content moderation,Number of measures not taken by automated means,Total number,,"During the reporting period, JetBrains s.r.o. did not use automated tools for content moderation, and all activities were carried out manually."
All,JetBrains Marketplace,2025-01-01/2025-12-31,Use of automated means for content moderation,Accuracy of the automated means - Accuracy,Total number,,"During the reporting period, JetBrains s.r.o. did not use automated tools for content moderation, and all activities were carried out manually."
All,JetBrains Marketplace,2025-01-01/2025-12-31,Use of automated means for content moderation,Accuracy of the automated means - Precision,Total number,,"During the reporting period, JetBrains s.r.o. did not use automated tools for content moderation, and all activities were carried out manually."
All,JetBrains Marketplace,2025-01-01/2025-12-31,Use of automated means for content moderation,Accuracy of the automated means - Recall,Total number,,"During the reporting period, JetBrains s.r.o. did not use automated tools for content moderation, and all activities were carried out manually."
All,JetBrains Marketplace,2025-01-01/2025-12-31,Use of automated means for content moderation,Number of measures solely taken by automated means ,Own-initiative ,,"During the reporting period, JetBrains s.r.o. did not use automated tools for content moderation, and all activities were carried out manually."
All,JetBrains Marketplace,2025-01-01/2025-12-31,Use of automated means for content moderation,Number of measures not taken by automated means,Own-initiative ,,"During the reporting period, JetBrains s.r.o. did not use automated tools for content moderation, and all activities were carried out manually."
All,JetBrains Marketplace,2025-01-01/2025-12-31,Use of automated means for content moderation,Accuracy of the automated means - Accuracy,Own-initiative ,,"During the reporting period, JetBrains s.r.o. did not use automated tools for content moderation, and all activities were carried out manually."
All,JetBrains Marketplace,2025-01-01/2025-12-31,Use of automated means for content moderation,Accuracy of the automated means - Precision,Own-initiative ,,"During the reporting period, JetBrains s.r.o. did not use automated tools for content moderation, and all activities were carried out manually."
All,JetBrains Marketplace,2025-01-01/2025-12-31,Use of automated means for content moderation,Accuracy of the automated means - Recall,Own-initiative ,,"During the reporting period, JetBrains s.r.o. did not use automated tools for content moderation, and all activities were carried out manually."
"Only for providers of hosting services, including online platforms",JetBrains Marketplace,2025-01-01/2025-12-31,Use of automated means for content moderation,Number of notices solely processed by automated means ,NAM Total,,"During the reporting period, JetBrains s.r.o. did not use automated tools for content moderation, and all activities were carried out manually."
"Only for providers of hosting services, including online platforms",JetBrains Marketplace,2025-01-01/2025-12-31,Use of automated means for content moderation,Number of notices not processed by automated means,NAM Total,,"During the reporting period, JetBrains s.r.o. did not use automated tools for content moderation, and all activities were carried out manually."
"Only for providers of hosting services, including online platforms",JetBrains Marketplace,2025-01-01/2025-12-31,Use of automated means for content moderation,Accuracy of the automated means - Accuracy,NAM Total,,"During the reporting period, JetBrains s.r.o. did not use automated tools for content moderation, and all activities were carried out manually."
"Only for providers of hosting services, including online platforms",JetBrains Marketplace,2025-01-01/2025-12-31,Use of automated means for content moderation,Accuracy of the automated means - Precision,NAM Total,,"During the reporting period, JetBrains s.r.o. did not use automated tools for content moderation, and all activities were carried out manually."
"Only for providers of hosting services, including online platforms",JetBrains Marketplace,2025-01-01/2025-12-31,Use of automated means for content moderation,Accuracy of the automated means - Recall,NAM Total,,"During the reporting period, JetBrains s.r.o. did not use automated tools for content moderation, and all activities were carried out manually."
Only for providers of online platforms,JetBrains Marketplace,2025-01-01/2025-12-31,Use of automated means for content moderation,Number of notices solely processed by automated means ,NAM Trusted Flagger,,"During the reporting period, JetBrains s.r.o. did not use automated tools for content moderation, and all activities were carried out manually."
Only for providers of online platforms,JetBrains Marketplace,2025-01-01/2025-12-31,Use of automated means for content moderation,Number of notices not processed by automated means,NAM Trusted Flagger,,"During the reporting period, JetBrains s.r.o. did not use automated tools for content moderation, and all activities were carried out manually."
Only for providers of online platforms,JetBrains Marketplace,2025-01-01/2025-12-31,Use of automated means for content moderation,Accuracy of the automated means - Accuracy,NAM Trusted Flagger,,"During the reporting period, JetBrains s.r.o. did not use automated tools for content moderation, and all activities were carried out manually."
Only for providers of online platforms,JetBrains Marketplace,2025-01-01/2025-12-31,Use of automated means for content moderation,Accuracy of the automated means - Precision,NAM Trusted Flagger,,"During the reporting period, JetBrains s.r.o. did not use automated tools for content moderation, and all activities were carried out manually."
Only for providers of online platforms,JetBrains Marketplace,2025-01-01/2025-12-31,Use of automated means for content moderation,Accuracy of the automated means - Recall,NAM Trusted Flagger,,"During the reporting period, JetBrains s.r.o. did not use automated tools for content moderation, and all activities were carried out manually."
Only for VLOPs,,YYYY-MM-DD/YYYY-MM-DD,Use of automated means for content moderation,Number of measures solely taken by automated means ,bg,,
Only for VLOPs,,YYYY-MM-DD/YYYY-MM-DD,Use of automated means for content moderation,Number of measures solely taken by automated means ,[...],,
Only for VLOPs,,YYYY-MM-DD/YYYY-MM-DD,Use of automated means for content moderation,Number of measures solely taken by automated means ,sv,,
Only for VLOPs,,YYYY-MM-DD/YYYY-MM-DD,Use of automated means for content moderation,Number of measures not taken by automated means,bg,,
Only for VLOPs,,YYYY-MM-DD/YYYY-MM-DD,Use of automated means for content moderation,Number of measures not taken by automated means,[...],,
Only for VLOPs,,YYYY-MM-DD/YYYY-MM-DD,Use of automated means for content moderation,Number of measures not taken by automated means,sv,,
Only for VLOPs,,YYYY-MM-DD/YYYY-MM-DD,Use of automated means for content moderation,Accuracy of the automated means - Accuracy,bg,,
Only for VLOPs,,YYYY-MM-DD/YYYY-MM-DD,Use of automated means for content moderation,Accuracy of the automated means - Precision,[...],,
Only for VLOPs,,YYYY-MM-DD/YYYY-MM-DD,Use of automated means for content moderation,Accuracy of the automated means - Recall,sv,,
Only for VLOPs,,YYYY-MM-DD/YYYY-MM-DD,Use of automated means for content moderation,Accuracy of the automated means - Accuracy,bg,,
Only for VLOPs,,YYYY-MM-DD/YYYY-MM-DD,Use of automated means for content moderation,Accuracy of the automated means - Precision,[...],,
Only for VLOPs,,YYYY-MM-DD/YYYY-MM-DD,Use of automated means for content moderation,Accuracy of the automated means - Recall,sv,,
Only for VLOPs,,YYYY-MM-DD/YYYY-MM-DD,Use of automated means for content moderation,Accuracy of the automated means - Accuracy,bg,,
Only for VLOPs,,YYYY-MM-DD/YYYY-MM-DD,Use of automated means for content moderation,Accuracy of the automated means - Precision,[...],,
Only for VLOPs,,YYYY-MM-DD/YYYY-MM-DD,Use of automated means for content moderation,Accuracy of the automated means - Recall,sv,,